"Activity Date","Process Date","Settle Date","Instrument","Description","Trans Code","Quantity","Price","Amount"
"1/30/2026","1/30/2026","1/30/2026","","Interest Payment","INT","","","$0.41"
"1/28/2026","1/28/2026","1/28/2026","","Aggregated Margin Rate","MINT","","","($4.82)"
"1/21/2026","1/21/2026","1/22/2026","XOM","Exxon Mobil
CUSIP: 30231G102","Buy","7.542046","$132.59","($1,000.00)"
"1/21/2026","1/21/2026","1/22/2026","F","Ford Motor
CUSIP: 345370860","Buy","10.401188","$13.46","($140.00)"
"1/21/2026","1/21/2026","1/22/2026","T","AT&T
CUSIP: 00206R102","Buy","24.778817","$23.51","($582.55)"
"1/21/2026","1/21/2026","1/22/2026","T","AT&T
CUSIP: 00206R102","Buy","1","$23.52","($23.52)"
"1/21/2026","1/21/2026","1/22/2026","T","AT&T
CUSIP: 00206R102","Buy","1","$23.50","($23.51)"
"1/21/2026","1/21/2026","1/22/2026","T","AT&T
CUSIP: 00206R102","Buy","3","$23.48","($70.43)"
"1/21/2026","1/21/2026","1/22/2026","VOO","Vanguard S&P 500 ETF
CUSIP: 922908363","Buy","0.600544","$624.79","($375.21)"
"1/21/2026","1/21/2026","1/22/2026","VOO","Vanguard S&P 500 ETF
CUSIP: 922908363","Buy","1","$624.79","($624.79)"
"1/21/2026","1/21/2026","1/22/2026","JNJ","Johnson & Johnson
CUSIP: 478160104","Buy","0.35849","$212.00","($76.00)"
"1/21/2026","1/21/2026","1/22/2026","JNJ","Johnson & Johnson
CUSIP: 478160104","Buy","2","$212.00","($424.00)"
"1/21/2026","1/21/2026","1/22/2026","NVDA","NVIDIA
CUSIP: 67066G104","Buy","2.794466","$178.92","($500.00)"
"1/20/2026","1/20/2026","1/21/2026","HOOD","Robinhood Markets
CUSIP: 770700102","Buy","1","$106.50","($106.50)"
"1/12/2026","1/12/2026","1/12/2026","DIA","Cash Div: R/D 2025-12-19 P/D 2026-01-12 - 1.229457 shares at 1.04445","CDIV","","","$1.28"
"1/9/2026","1/9/2026","1/12/2026","JNJ","Johnson & Johnson
CUSIP: 478160104","Buy","1.941323","$206.04","($400.00)"
"1/9/2026","1/9/2026","1/12/2026","","ACH Deposit","ACH","","","$50.00"
"1/9/2026","1/9/2026","1/12/2026","","ACH Deposit","ACH","","","$1,000.00"
"12/31/2025","12/31/2025","12/31/2025","","Interest Payment","INT","","","$1.90"
"12/31/2025","12/31/2025","12/31/2025","","Gold Deposit Boost Payment","GDBP","","","$0.17"
"12/29/2025","12/29/2025","12/30/2025","NVDA","NVIDIA
CUSIP: 67066G104
Dividend Reinvestment","Buy","0.000053","$187.15","($0.01)"
"12/29/2025","12/29/2025","12/30/2025","HOOD","Robinhood Markets
CUSIP: 770700102","Buy","1.71161","$116.85","($200.00)"
"12/29/2025","12/29/2025","12/30/2025","NVDA","NVIDIA
CUSIP: 67066G104","Buy","0.999946","$187.89","($187.88)"
"12/29/2025","12/29/2025","12/30/2025","NVDA","NVIDIA
CUSIP: 67066G104","Buy","0.064509","$187.88","($12.12)"
"12/26/2025","12/26/2025","12/26/2025","BAC","Cash Div: R/D 2025-12-05 P/D 2025-12-26 - 52.994153 shares at 0.28","CDIV","","","$14.84"
"12/26/2025","12/26/2025","12/26/2025","NVDA","Cash Div: R/D 2025-12-04 P/D 2025-12-26 - 1.093284 shares at 0.01","CDIV","","","$0.01"
"12/26/2025","12/26/2025","12/29/2025","HOOD","Robinhood Markets
CUSIP: 770700102","Buy","0.841715","$118.80","($100.00)"
"12/26/2025","12/26/2025","12/29/2025","VOO","Vanguard S&P 500 ETF
CUSIP: 922908363
Dividend Reinvestment","Buy","0.001874","$634.89","($1.19)"
"12/26/2025","12/26/2025","12/29/2025","XOM","Exxon Mobil
CUSIP: 30231G102","Buy","1.675041","$119.40","($200.00)"
"12/24/2025","12/24/2025","12/24/2025","VOO","Cash Div: R/D 2025-12-22 P/D 2025-12-24 - 0.672947 shares at 1.771","CDIV","","","$1.19"
"12/23/2025","12/23/2025","12/24/2025","XOM","Exxon Mobil
CUSIP: 30231G102","Buy","0.008438","$118.50","($1.00)"
"12/18/2025","12/18/2025","12/19/2025","","ACH Deposit","ACH","","","$200.00"
"12/15/2025","12/15/2025","12/15/2025","DIA","Cash Div: R/D 2025-11-21 P/D 2025-12-15 - 1.229457 shares at 0.57588","CDIV","","","$0.71"
"12/9/2025","12/9/2025","12/9/2025","JNJ","Cash Div: R/D 2025-11-25 P/D 2025-12-09 - 0.761703 shares at 1.3","CDIV","","","$0.99"
"12/4/2025","12/4/2025","12/5/2025","T","AT&T
CUSIP: 00206R102","Buy","8","$25.36","($202.88)"
"12/1/2025","12/1/2025","12/1/2025","","Gold Deposit Boost Payment","GDBP","","","$0.17"
"11/28/2025","11/28/2025","11/28/2025","","Interest Payment","INT","","","$2.67"
"11/17/2025","11/17/2025","11/17/2025","DIA","Cash Div: R/D 2025-10-17 P/D 2025-11-17 - 1.229457 shares at 0.15477","CDIV","","","$0.19"
"11/17/2025","11/17/2025","11/18/2025","GFL","GFL Environmental
CUSIP: 36168Q104","Sell","0.021105","$44.32","$0.94"
"11/14/2025","11/14/2025","11/17/2025","AAPL","Apple
CUSIP: 037833100
Dividend Reinvestment","Buy","0.003283","$271.02","($0.89)"
"11/13/2025","11/13/2025","11/13/2025","AAPL","Cash Div: R/D 2025-11-10 P/D 2025-11-13 - 3.439178 shares at 0.26","CDIV","","","$0.89"
"11/7/2025","11/7/2025","11/7/2025","DIA","Stock Lending","SLIP","","","$0.01"
"11/4/2025","11/4/2025","11/5/2025","T","AT&T
CUSIP: 00206R102
Dividend Reinvestment","Buy","0.061783","$24.44","($1.51)"
"11/3/2025","11/3/2025","11/3/2025","T","Cash Div: R/D 2025-10-10 P/D 2025-11-03 - 5.435517 shares at 0.2775","CDIV","","","$1.51"
"10/31/2025","10/31/2025","10/31/2025","","Interest Payment","INT","","","$2.91"
"10/31/2025","10/31/2025","10/31/2025","","Gold Deposit Boost Payment","GDBP","","","$0.17"
"10/14/2025","10/14/2025","10/14/2025","DIA","Cash Div: R/D 2025-09-19 P/D 2025-10-14 - 1.229457 shares at 1.31757","CDIV","","","$1.62"
"10/6/2025","10/6/2025","10/6/2025","DIA","Stock Lending","SLIP","","","$0.01"
"10/3/2025","10/3/2025","10/6/2025","NVDA","NVIDIA
CUSIP: 67066G104
Dividend Reinvestment","Buy","0.000052","$189.66","($0.01)"
"10/2/2025","10/2/2025","10/2/2025","NVDA","Cash Div: R/D 2025-09-11 P/D 2025-10-02 - 1.093232 shares at 0.01","CDIV","","","$0.01"
"10/2/2025","10/2/2025","10/3/2025","VOO","Vanguard S&P 500 ETF
CUSIP: 922908363
Dividend Reinvestment","Buy","0.001902","$615.03","($1.17)"
"10/1/2025","10/1/2025","10/1/2025","VOO","Cash Div: R/D 2025-09-29 P/D 2025-10-01 - 0.671045 shares at 1.74","CDIV","","","$1.17"
"9/30/2025","9/30/2025","9/30/2025","","Interest Payment","INT","","","$3.45"
"9/30/2025","9/30/2025","9/30/2025","","Gold Deposit Boost Payment","GDBP","","","$0.18"
"9/26/2025","9/26/2025","9/26/2025","BAC","Cash Div: R/D 2025-09-05 P/D 2025-09-26 - 52.994153 shares at 0.28","CDIV","","","$14.84"
"9/15/2025","9/15/2025","9/15/2025","DIA","Cash Div: R/D 2025-08-15 P/D 2025-09-15 - 1.007845 shares at 0.26563","CDIV","","","$0.27"
"9/9/2025","9/9/2025","9/9/2025","JNJ","Cash Div: R/D 2025-08-26 P/D 2025-09-09 - 0.2 shares at 1.3","CDIV","","","$0.26"
"9/9/2025","9/9/2025","9/10/2025","GFL","GFL Environmental
CUSIP: 36168Q104","Buy","0.021105","$47.38","($1.00)"
"9/8/2025","9/8/2025","9/9/2025","HOOD","Robinhood Markets
CUSIP: 770700102","Sell","2","$110.62","$221.24"
"9/2/2025","9/2/2025","9/3/2025","JNJ","Johnson & Johnson
CUSIP: 478160104","Buy","0.561703","$178.03","($100.00)"
"9/2/2025","9/2/2025","9/3/2025","DIA","SPDR Dow Jones Industrial Average ETF
CUSIP: 78467X109","Buy","0.221612","$451.24","($100.00)"
"9/2/2025","9/2/2025","9/3/2025","BAC","Bank of America
CUSIP: 060505104","Buy","0.994153","$50.15","($49.85)"
"9/2/2025","9/2/2025","9/3/2025","BAC","Bank of America
CUSIP: 060505104","Buy","1","$50.15","($50.15)"
"9/2/2025","9/2/2025","9/3/2025","NVDA","NVIDIA
CUSIP: 67066G104","Buy","0.593232","$168.57","($100.00)"
"9/2/2025","9/2/2025","9/3/2025","BRK.B","Berkshire Hathaway
CUSIP: 084670702","Buy","0.200172","$499.57","($100.00)"
"9/2/2025","9/2/2025","9/3/2025","AAPL","Apple
CUSIP: 037833100","Buy","0.439178","$227.70","($100.00)"
"9/2/2025","9/2/2025","9/3/2025","VOO","Vanguard S&P 500 ETF
CUSIP: 922908363","Buy","0.171045","$584.64","($100.00)"
"9/2/2025","9/2/2025","9/3/2025","HOOD","Robinhood Markets
CUSIP: 770700102","Buy","0.005465","$99.46","($0.54)"
"9/2/2025","9/2/2025","9/3/2025","HOOD","Robinhood Markets
CUSIP: 770700102","Buy","1","$99.46","($99.46)"
"9/2/2025","9/2/2025","9/3/2025","T","AT&T
CUSIP: 00206R102","Buy","0.435517","$29.11","($12.68)"
"9/2/2025","9/2/2025","9/3/2025","T","AT&T
CUSIP: 00206R102","Buy","3","$29.11","($87.32)"
"9/2/2025","9/2/2025","9/3/2025","","ACH Deposit","ACH","","","$50.00"
"9/2/2025","9/2/2025","9/2/2025","","Gold Plan Credit","GMPC","","","$1.67"
"9/2/2025","9/2/2025","9/2/2025","","Gold Subscription Fee","GOLD","","","($50.00)"
"9/2/2025","9/2/2025","9/2/2025","","Gold Deposit Boost Payment","GDBP","","","$0.18"
"8/29/2025","8/29/2025","8/29/2025","","Interest Payment","INT","","","$10.09"
"8/25/2025","8/25/2025","8/25/2025","","Event Contracts Inter-Entity Cash Transfer","FUTSWP","","","($32.50)"
"8/19/2025","8/19/2025","8/20/2025","T","AT&T
CUSIP: 00206R102","Buy","2","$28.87","($57.74)"
"8/19/2025","8/19/2025","8/20/2025","JNJ","Johnson & Johnson
CUSIP: 478160104","Buy","0.2","$176.04","($35.21)"
"8/19/2025","8/19/2025","8/20/2025","VOO","Vanguard S&P 500 ETF
CUSIP: 922908363","Buy","0.5","$591.26","($295.63)"
"8/19/2025","8/19/2025","8/20/2025","HOOD","Robinhood Markets
CUSIP: 770700102","Buy","1","$116.30","($116.30)"
"8/19/2025","8/19/2025","8/20/2025","NVDA","NVIDIA
CUSIP: 67066G104","Buy","0.5","$182.44","($91.22)"
"8/19/2025","8/19/2025","8/20/2025","","ACH Deposit","ACH","","","$50.00"
"8/19/2025","8/19/2025","8/20/2025","AAPL","Apple
CUSIP: 037833100","Buy","3","$230.42","($691.26)"
"8/11/2025","8/11/2025","8/11/2025","","Gold Subscription Fee","GOLD","","","($5.00)"
"8/1/2025","8/1/2025","8/4/2025","DIA","SPDR Dow Jones Industrial Average ETF
CUSIP: 78467X109","Buy","1","$435.86","($435.86)"
"8/1/2025","8/1/2025","8/4/2025","BRK.B","Berkshire Hathaway
CUSIP: 084670702","Buy","2","$472.50","($945.00)"
"8/1/2025","8/1/2025","8/4/2025","BAC","Bank of America
CUSIP: 060505104","Buy","50","$46.36","($2,318.00)"
"7/31/2025","7/31/2025","7/31/2025","","Interest Payment","INT","","","$22.80"
"7/31/2025","7/31/2025","7/31/2025","","Gold Deposit Boost Payment","GDBP","","","$0.18"
"7/14/2025","7/14/2025","7/14/2025","DIA","Cash Div: R/D 2025-06-20 P/D 2025-07-14 - 0.007845 shares at 1.1993","CDIV","","","$0.01"
"7/14/2025","7/14/2025","7/14/2025","","Gold Subscription Fee","GOLD","","","($5.00)"
"6/30/2025","6/30/2025","6/30/2025","","Interest Payment","INT","","","$22.98"
"6/30/2025","6/30/2025","6/30/2025","","Gold Deposit Boost Payment","GDBP","","","$0.18"
"6/27/2025","6/27/2025","6/27/2025","BAC","Cash Div: R/D 2025-06-06 P/D 2025-06-27 - 1 shares at 0.26","CDIV","","","$0.26"
"6/20/2025","6/20/2025","6/20/2025","","Event Contracts Inter-Entity Cash Transfer","FUTSWP","","","($103.68)"
"6/17/2025","6/17/2025","6/17/2025","","Event Contracts Inter-Entity Cash Transfer","FUTSWP","","","$700.00"
"6/16/2025","6/16/2025","6/16/2025","","Event Contracts Inter-Entity Cash Transfer","FUTSWP","","","($567.00)"
"6/12/2025","6/12/2025","6/12/2025","","Gold Subscription Fee","GOLD","","","($5.00)"
"6/5/2025","6/5/2025","6/6/2025","BRK.B","Berkshire Hathaway
CUSIP: 084670702","Buy","4","$489.50","($1,958.00)"
"6/2/2025","6/2/2025","6/2/2025","","Gold Deposit Boost Payment","GDBP","","","$0.18"
"5/30/2025","5/30/2025","5/30/2025","","Interest Payment","INT","","","$27.23"
"5/13/2025","5/13/2025","5/13/2025","","Gold Subscription Fee","GOLD","","","($5.00)"
"5/2/2025","5/2/2025","5/5/2025","BRK.B","Berkshire Hathaway
CUSIP: 084670702","Sell","8","$540.00","$4,319.87"
"4/30/2025","4/30/2025","4/30/2025","","Interest Payment","INT","","","$14.32"
"4/30/2025","4/30/2025","4/30/2025","","Gold Deposit Boost Payment","GDBP","","","$0.18"
"4/17/2025","4/17/2025","4/21/2025","BAC","Bank of America
CUSIP: 060505104","Sell","58","$37.31","$2,164.10"
"4/17/2025","4/17/2025","4/21/2025","BAC","Bank of America
CUSIP: 060505104","Sell","0.08518","$37.56","$3.20"
"4/14/2025","4/14/2025","4/14/2025","DIA","Cash Div: R/D 2025-03-21 P/D 2025-04-14 - 0.220069 shares at 0.80072","CDIV","","","$0.18"
"4/14/2025","4/14/2025","4/14/2025","","Gold Subscription Fee","GOLD","","","($5.00)"
"4/9/2025","4/9/2025","4/10/2025","BAC","Bank of America
CUSIP: 060505104","Buy","59","$34.00","($2,006.00)"
"4/8/2025","4/8/2025","4/9/2025","DIA","SPDR Dow Jones Industrial Average ETF
CUSIP: 78467X109
Recurring","Buy","0.007845","$382.39","($3.00)"
"4/8/2025","4/8/2025","4/9/2025","BRK.B","Berkshire Hathaway
CUSIP: 084670702","Buy","4","$507.00","($2,028.00)"
"4/8/2025","4/8/2025","4/9/2025","BRK.B","Berkshire Hathaway
CUSIP: 084670702","Buy","4","$514.18","($2,056.72)"
"4/7/2025","4/7/2025","4/8/2025","BAC","Bank of America
CUSIP: 060505104
Recurring","Buy","0.08518","$35.22","($3.00)"
"4/7/2025","4/7/2025","4/7/2025","DIA","Stock Lending","SLIP","","","$0.01"
"4/7/2025","4/7/2025","4/7/2025","BAC","Stock Lending","SLIP","","","$0.01"
"4/3/2025","4/3/2025","4/4/2025","DIA","SPDR Dow Jones Industrial Average ETF
CUSIP: 78467X109","Sell","0.234279","$404.24","$94.70"
"4/3/2025","4/3/2025","4/4/2025","MSFT","Microsoft
CUSIP: 594918104","Sell","5","$370.81","$1,853.99"
"4/3/2025","4/3/2025","4/4/2025","MSFT","Microsoft
CUSIP: 594918104","Sell","0.207609","$371.20","$77.07"
"4/3/2025","4/3/2025","4/4/2025","BAC","Bank of America
CUSIP: 060505104","Sell","80.895436","$37.37","$3,022.96"
"4/3/2025","4/3/2025","4/4/2025","F","Ford Motor
CUSIP: 345370860","Sell","3","$9.57","$28.71"
"4/3/2025","4/3/2025","4/4/2025","F","Ford Motor
CUSIP: 345370860","Sell","0.704291","$9.58","$6.74"
"4/3/2025","4/3/2025","4/4/2025","BAC","Bank of America
CUSIP: 060505104","Buy","50","$38.50","($1,925.00)"
"4/3/2025","4/3/2025","4/4/2025","BAC","Bank of America
CUSIP: 060505104","Buy","30","$38.50","($1,155.00)"
"4/1/2025","4/1/2025","4/2/2025","DIA","SPDR Dow Jones Industrial Average ETF
CUSIP: 78467X109
Recurring","Buy","0.007159","$419.02","($3.00)"
"4/1/2025","4/1/2025","4/1/2025","","Gold Deposit Boost Payment","GDBP","","","$0.18"
"3/31/2025","3/31/2025","3/31/2025","","Interest Payment","INT","","","$12.43"
"3/31/2025","3/31/2025","4/1/2025","BAC","Bank of America
CUSIP: 060505104
Recurring","Buy","0.07249","$41.38","($3.00)"
"3/31/2025","3/31/2025","4/1/2025","BAC","Bank of America
CUSIP: 060505104
Dividend Reinvestment","Buy","0.1799","$41.08","($7.39)"
"3/28/2025","3/28/2025","3/28/2025","BAC","Cash Div: R/D 2025-03-07 P/D 2025-03-28 - 28.424858 shares at 0.26","CDIV","","","$7.39"
"3/28/2025","3/28/2025","3/31/2025","CRWV","CoreWeave
CUSIP: 21873S108","Sell","12","$39.00","$468.00"
"3/28/2025","3/28/2025","3/31/2025","CRWV","CoreWeave
CUSIP: 21873S108","Buy","12","$39.00","($468.00)"
"3/26/2025","3/26/2025","3/27/2025","MSFT","Microsoft
CUSIP: 594918104","Buy","3","$392.00","($1,176.00)"
"3/25/2025","3/25/2025","3/26/2025","DIA","SPDR Dow Jones Industrial Average ETF
CUSIP: 78467X109
Recurring","Buy","0.007051","$425.42","($3.00)"
"3/24/2025","3/24/2025","3/25/2025","JNJ","Johnson & Johnson
CUSIP: 478160104","Sell","7","$162.80","$1,139.56"
"3/24/2025","3/24/2025","3/25/2025","BAC","Bank of America
CUSIP: 060505104
Recurring","Buy","0.070035","$42.84","($3.00)"
"3/24/2025","3/24/2025","3/25/2025","BAC","Bank of America
CUSIP: 060505104","Sell","80","$42.79","$3,423.36"
"3/18/2025","3/18/2025","3/19/2025","DIA","SPDR Dow Jones Industrial Average ETF
CUSIP: 78467X109
Recurring","Buy","0.007208","$416.16","($3.00)"
"3/18/2025","3/18/2025","3/19/2025","DIA","SPDR Dow Jones Industrial Average ETF
CUSIP: 78467X109
Dividend Reinvestment","Buy","0.003447","$417.63","($1.44)"
"3/17/2025","3/17/2025","3/17/2025","DIA","Cash Div: R/D 2025-02-21 P/D 2025-03-17 - 2.188255 shares at 0.65879","CDIV","","","$1.44"
"3/17/2025","3/17/2025","3/18/2025","BAC","Bank of America
CUSIP: 060505104
Recurring","Buy","0.072367","$41.46","($3.00)"
"3/14/2025","3/14/2025","3/17/2025","MSFT","Microsoft
CUSIP: 594918104
Dividend Reinvestment","Buy","0.004769","$383.68","($1.83)"
"3/14/2025","3/14/2025","3/14/2025","","Gold Subscription Fee","GOLD","","","($5.00)"
"3/13/2025","3/13/2025","3/13/2025","MSFT","Cash Div: R/D 2025-02-20 P/D 2025-03-13 - 2.20284 shares at 0.83","CDIV","","","$1.83"
"3/13/2025","3/13/2025","3/14/2025","BAC","Bank of America
CUSIP: 060505104","Buy","27","$39.89","($1,076.94)"
"3/11/2025","3/11/2025","3/12/2025","DIA","SPDR Dow Jones Industrial Average ETF
CUSIP: 78467X109
Recurring","Buy","0.007272","$412.49","($3.00)"
"3/10/2025","3/10/2025","3/11/2025","BAC","Bank of America
CUSIP: 060505104
Recurring","Buy","0.075786","$39.59","($3.00)"
"3/10/2025","3/10/2025","3/11/2025","BAC","Bank of America
CUSIP: 060505104","Buy","25","$40.40","($1,010.00)"
"3/7/2025","3/7/2025","3/7/2025","DIA","Stock Lending","SLIP","","","$0.01"
"3/7/2025","3/7/2025","3/10/2025","F","Ford Motor
CUSIP: 345370860","Sell","110","$9.70","$1,066.95"
"3/7/2025","3/7/2025","3/10/2025","BRK.B","Berkshire Hathaway
CUSIP: 084670702","Sell","2","$496.62","$993.21"
"3/7/2025","3/7/2025","3/10/2025","DIA","SPDR Dow Jones Industrial Average ETF
CUSIP: 78467X109","Sell","2","$426.96","$853.89"
"3/4/2025","3/4/2025","3/4/2025","JNJ","Cash Div: R/D 2025-02-18 P/D 2025-03-04 - 7 shares at 1.24","CDIV","","","$8.68"
"3/4/2025","3/4/2025","3/5/2025","DIA","SPDR Dow Jones Industrial Average ETF
CUSIP: 78467X109
Recurring","Buy","0.007014","$427.66","($3.00)"
"3/4/2025","3/4/2025","3/5/2025","F","Ford Motor
CUSIP: 345370860
Dividend Reinvestment","Buy","1.799623","$9.18","($16.52)"
"3/4/2025","3/4/2025","3/5/2025","F","Ford Motor
CUSIP: 345370860
Dividend Reinvestment","Buy","1.800074","$9.18","($16.52)"
"3/3/2025","3/3/2025","3/3/2025","F","Cash Div: R/D 2025-02-18 P/D 2025-03-03 - 110.104594 shares at 0.15","CDIV","","","$16.52"
"3/3/2025","3/3/2025","3/3/2025","F","Cash Div: R/D 2025-02-18 P/D 2025-03-03 - 110.104594 shares at 0.15","CDIV","","","$16.52"
"3/3/2025","3/3/2025","3/4/2025","BAC","Bank of America
CUSIP: 060505104
Recurring","Buy","0.065165","$46.04","($3.00)"
"2/28/2025","2/28/2025","2/28/2025","","Interest Payment","INT","","","$4.79"
"2/28/2025","2/28/2025","2/28/2025","","Gold Deposit Boost Payment","GDBP","","","$0.18"
"2/25/2025","2/25/2025","2/25/2025","","Interest Payment","INT","","","$4.68"
"2/25/2025","2/25/2025","2/26/2025","DIA","SPDR Dow Jones Industrial Average ETF
CUSIP: 78467X109
Recurring","Buy","0.006873","$436.48","($3.00)"
"2/24/2025","2/24/2025","2/25/2025","BAC","Bank of America
CUSIP: 060505104
Recurring","Buy","0.066836","$44.89","($3.00)"
"2/19/2025","2/19/2025","2/20/2025","DIA","SPDR Dow Jones Industrial Average ETF
CUSIP: 78467X109
Dividend Reinvestment","Buy","0.000787","$444.72","($0.35)"
"2/18/2025","2/18/2025","2/18/2025","DIA","Cash Div: R/D 2025-01-17 P/D 2025-02-18 - 2.164977 shares at 0.16241","CDIV","","","$0.35"
"2/18/2025","2/18/2025","2/19/2025","DIA","SPDR Dow Jones Industrial Average ETF
CUSIP: 78467X109
Recurring","Buy","0.004494","$444.95","($2.00)"
"2/18/2025","2/18/2025","2/19/2025","BAC","Bank of America
CUSIP: 060505104
Recurring","Buy","0.043031","$46.48","($2.00)"
"2/14/2025","2/14/2025","2/18/2025","MSFT","Microsoft
CUSIP: 594918104
Recurring","Buy","0.004901","$408.02","($2.00)"
"2/14/2025","2/14/2025","2/18/2025","AMC","AMC Entertainment
CUSIP: 00165C302","Sell","3","$3.50","$10.50"
"2/12/2025","2/12/2025","2/13/2025","AMC","AMC Entertainment
CUSIP: 00165C302","Buy","3","$3.46","($10.40)"
"2/12/2025","2/12/2025","2/13/2025","AMC","AMC Entertainment
CUSIP: 00165C302","Sell","3","$3.50","$10.50"
"2/12/2025","2/12/2025","2/12/2025","","Gold Subscription Fee","GOLD","","","($5.00)"
"2/11/2025","2/11/2025","2/12/2025","DIA","SPDR Dow Jones Industrial Average ETF
CUSIP: 78467X109
Recurring","Buy","0.004488","$445.62","($2.00)"
"2/10/2025","2/10/2025","2/11/2025","BAC","Bank of America
CUSIP: 060505104
Recurring","Buy","0.042937","$46.58","($2.00)"
"2/7/2025","2/7/2025","2/10/2025","MSFT","Microsoft
CUSIP: 594918104
Recurring","Buy","0.004867","$410.88","($2.00)"
"2/7/2025","2/7/2025","2/7/2025","DIA","Stock Lending","SLIP","","","$0.01"
"2/6/2025","2/6/2025","2/7/2025","F","Ford Motor
CUSIP: 345370860","Buy","110","$9.50","($1,045.00)"
"2/6/2025","2/6/2025","2/7/2025","BND","Vanguard Total Bond Market ETF
CUSIP: 921937835","Sell","0.01","$72.56","$0.73"
"2/4/2025","2/4/2025","2/5/2025","DIA","SPDR Dow Jones Industrial Average ETF
CUSIP: 78467X109
Recurring","Buy","0.004496","$444.78","($2.00)"
"2/3/2025","2/3/2025","2/4/2025","BAC","Bank of America
CUSIP: 060505104
Recurring","Buy","0.043299","$46.19","($2.00)"
"2/3/2025","2/3/2025","2/4/2025","MSFT","Microsoft
CUSIP: 594918104","Buy","2","$410.00","($820.00)"
"2/3/2025","2/3/2025","2/4/2025","AMC","AMC Entertainment
CUSIP: 00165C302","Sell","3","$3.00","$9.00"
"1/31/2025","1/31/2025","1/31/2025","","Interest Payment","INT","","","$3.95"
"1/31/2025","1/31/2025","2/3/2025","MSFT","Microsoft
CUSIP: 594918104
Recurring","Buy","0.004807","$416.02","($2.00)"
"1/31/2025","1/31/2025","1/31/2025","","Gold Deposit Boost Payment","GDBP","","","$0.18"
"1/28/2025","1/28/2025","1/28/2025","","Interest Payment","INT","","","$16.24"
"1/28/2025","1/28/2025","1/29/2025","DIA","SPDR Dow Jones Industrial Average ETF
CUSIP: 78467X109
Recurring","Buy","0.004459","$448.46","($2.00)"
"1/28/2025","1/28/2025","1/29/2025","AMC","AMC Entertainment
CUSIP: 00165C302","Sell","3","$3.26","$9.78"
"1/28/2025","1/28/2025","1/29/2025","AMC","AMC Entertainment
CUSIP: 00165C302","Buy","3","$3.26","($9.78)"
"1/27/2025","1/27/2025","1/28/2025","BAC","Bank of America
CUSIP: 060505104
Recurring","Buy","0.042931","$46.59","($2.00)"
"1/24/2025","1/24/2025","1/27/2025","AMC","AMC Entertainment
CUSIP: 00165C302","Buy","3","$3.40","($10.20)"
"1/24/2025","1/24/2025","1/27/2025","MSFT","Microsoft
CUSIP: 594918104
Recurring","Buy","0.004505","$443.90","($2.00)"
"1/22/2025","1/22/2025","1/23/2025","JNJ","Johnson & Johnson
CUSIP: 478160104","Buy","7","$145.73","($1,020.11)"
"1/21/2025","1/21/2025","1/22/2025","DIA","SPDR Dow Jones Industrial Average ETF
CUSIP: 78467X109
Recurring","Buy","0.004554","$439.17","($2.00)"
"1/21/2025","1/21/2025","1/22/2025","BAC","Bank of America
CUSIP: 060505104
Recurring","Buy","0.042875","$46.65","($2.00)"
"1/17/2025","1/17/2025","1/21/2025","MSFT","Microsoft
CUSIP: 594918104
Recurring","Buy","0.004631","$431.84","($2.00)"
"1/14/2025","1/14/2025","1/15/2025","DIA","SPDR Dow Jones Industrial Average ETF
CUSIP: 78467X109
Recurring","Buy","0.004712","$424.44","($2.00)"
"1/14/2025","1/14/2025","1/15/2025","DIA","SPDR Dow Jones Industrial Average ETF
CUSIP: 78467X109
Dividend Reinvestment","Buy","0.000423","$424.69","($0.18)"
"1/13/2025","1/13/2025","1/13/2025","DIA","Cash Div: R/D 2024-12-20 P/D 2025-01-13 - 0.145809 shares at 1.222693","CDIV","","","$0.18"
"1/13/2025","1/13/2025","1/14/2025","BAC","Bank of America
CUSIP: 060505104","Buy","23","$44.90","($1,032.70)"
"1/13/2025","1/13/2025","1/14/2025","DIA","SPDR Dow Jones Industrial Average ETF
CUSIP: 78467X109","Buy","2","$418.79","($837.58)"
"1/13/2025","1/13/2025","1/13/2025","","Gold Subscription Fee","GOLD","","","($5.00)"
"1/10/2025","1/10/2025","1/13/2025","MSFT","Microsoft
CUSIP: 594918104
Recurring","Buy","0.004734","$422.40","($2.00)"
"1/10/2025","1/10/2025","1/13/2025","BRK.B","Berkshire Hathaway
CUSIP: 084670702","Buy","2","$445.00","($890.00)"
"1/7/2025","1/7/2025","1/8/2025","DIA","SPDR Dow Jones Industrial Average ETF
CUSIP: 78467X109
Recurring","Buy","0.004684","$426.95","($2.00)"
"1/7/2025","1/7/2025","1/8/2025","","ACH Deposit","ACH","","","$2,500.00"
"1/6/2025","1/6/2025","1/6/2025","","Interest Adjustment Credit","INT","","","$0.01"
"1/3/2025","1/3/2025","1/6/2025","MSFT","Microsoft
CUSIP: 594918104
Recurring","Buy","0.004732","$422.64","($2.00)"
"1/2/2025","1/2/2025","1/3/2025","","ACH Deposit","ACH","","","$5,000.00"
"12/31/2024","12/31/2024","12/31/2024","","Interest Payment","INT","","","$2.81"
"12/31/2024","12/31/2024","1/2/2025","DIA","SPDR Dow Jones Industrial Average ETF
CUSIP: 78467X109
Recurring","Buy","0.004711","$424.54","($2.00)"
"12/31/2024","12/31/2024","12/31/2024","","Gold Deposit Boost Payment","GDBP","","","$0.18"
"12/30/2024","12/30/2024","12/31/2024","BAC","Bank of America
CUSIP: 060505104
Dividend Reinvestment","Buy","0.018294","$43.73","($0.80)"
"12/27/2024","12/27/2024","12/27/2024","BAC","Cash Div: R/D 2024-12-06 P/D 2024-12-27 - 3.05949 shares at 0.26","CDIV","","","$0.80"
"12/27/2024","12/27/2024","12/30/2024","MSFT","Microsoft
CUSIP: 594918104
Recurring","Buy","0.004667","$428.52","($2.00)"
"12/24/2024","12/24/2024","12/26/2024","DIA","SPDR Dow Jones Industrial Average ETF
CUSIP: 78467X109
Recurring","Buy","0.004638","$431.14","($2.00)"
"12/23/2024","12/23/2024","12/24/2024","BRK.B","Berkshire Hathaway
CUSIP: 084670702","Buy","0.2","$453.00","($90.60)"
"12/23/2024","12/23/2024","12/24/2024","BRK.B","Berkshire Hathaway
CUSIP: 084670702","Buy","0.2","$453.00","($90.60)"
"12/23/2024","12/23/2024","12/24/2024","BAC","Bank of America
CUSIP: 060505104","Buy","2","$43.90","($87.80)"
"12/23/2024","12/23/2024","12/24/2024","","ACH Deposit","ACH","","","$300.00"
"12/20/2024","12/20/2024","12/23/2024","MSFT","Microsoft
CUSIP: 594918104
Recurring","Buy","0.004551","$439.42","($2.00)"
"12/17/2024","12/17/2024","12/18/2024","DIA","SPDR Dow Jones Industrial Average ETF
CUSIP: 78467X109
Recurring","Buy","0.004596","$435.10","($2.00)"
"12/17/2024","12/17/2024","12/18/2024","DIA","SPDR Dow Jones Industrial Average ETF
CUSIP: 78467X109
Dividend Reinvestment","Buy","0.000068","$435.57","($0.03)"
"12/16/2024","12/16/2024","12/16/2024","DIA","Cash Div: R/D 2024-11-15 P/D 2024-12-16 - 0.123104 shares at 0.26621","CDIV","","","$0.03"
"12/16/2024","12/16/2024","12/16/2024","BRK.B","Berkshire Hathaway
CUSIP: 084670702","REC","0.0109","",""
"12/16/2024","12/16/2024","12/16/2024","","Gold Subscription Fee","GOLD","","","($5.00)"
"12/13/2024","12/13/2024","12/16/2024","MSFT","Microsoft
CUSIP: 594918104
Recurring","Buy","0.004472","$447.17","($2.00)"
"12/13/2024","12/13/2024","12/16/2024","MSFT","Microsoft
CUSIP: 594918104
Dividend Reinvestment","Buy","0.000266","$449.50","($0.12)"
"12/12/2024","12/12/2024","12/12/2024","MSFT","Cash Div: R/D 2024-11-21 P/D 2024-12-12 - 0.141642 shares at 0.83","CDIV","","","$0.12"
"12/11/2024","12/11/2024","12/11/2024","","ACH REVERSAL","ACH","","","($200.00)"
"12/11/2024","12/11/2024","12/11/2024","","ACH REVERSAL","ACH","","","($5.00)"
"12/10/2024","12/10/2024","12/11/2024","DIA","SPDR Dow Jones Industrial Average ETF
CUSIP: 78467X109
Recurring","Buy","0.004492","$445.15","($2.00)"
"12/9/2024","12/9/2024","12/9/2024","","Instant bank transfer - account ending in 8488","RTP","","","($4.00)"
"12/9/2024","12/9/2024","12/9/2024","","Instant bank transfer - withdrawal fee","RTP","","","($1.00)"
"12/9/2024","12/9/2024","12/9/2024","","Instant bank transfer - withdrawal fee","RTP","","","($1.02)"
"12/9/2024","12/9/2024","12/9/2024","","Instant bank transfer - account ending in 8488","RTP","","","($56.98)"
"12/6/2024","12/6/2024","12/9/2024","MSFT","Microsoft
CUSIP: 594918104
Recurring","Buy","0.004511","$443.27","($2.00)"
"12/6/2024","12/6/2024","12/9/2024","","ACH Deposit","ACH","","","$2.00"
"12/6/2024","12/6/2024","12/9/2024","BND","Vanguard Total Bond Market ETF
CUSIP: 921937835","Buy","0.01","$73.76","($0.74)"
"12/5/2024","12/5/2024","12/9/2024","","ACH Deposit","ACH","","","$5.00"
"12/5/2024","12/5/2024","12/9/2024","","ACH Deposit","ACH","","","$200.00"
"12/3/2024","12/3/2024","12/4/2024","DIA","SPDR Dow Jones Industrial Average ETF
CUSIP: 78467X109
Recurring","Buy","0.004461","$448.26","($2.00)"
"12/3/2024","12/3/2024","12/4/2024","F","Ford Motor
CUSIP: 345370860
Dividend Reinvestment","Buy","0.001834","$10.90","($0.02)"
"12/2/2024","12/2/2024","12/2/2024","F","Cash Div: R/D 2024-11-07 P/D 2024-12-02 - 0.10276 shares at 0.15","CDIV","","","$0.02"
"12/2/2024","12/2/2024","12/2/2024","","Gold Deposit Boost Payment","GDBP","","","$0.10"
"11/29/2024","11/29/2024","11/29/2024","","Interest Payment","INT","","","$2.44"
"11/29/2024","11/29/2024","12/2/2024","MSFT","Microsoft
CUSIP: 594918104
Recurring","Buy","0.004737","$422.20","($2.00)"
"11/26/2024","11/26/2024","11/26/2024","","Cash reward","MISC","","","$0.11"
"11/26/2024","11/26/2024","11/27/2024","DIA","SPDR Dow Jones Industrial Average ETF
CUSIP: 78467X109
Recurring","Buy","0.004469","$447.45","($2.00)"
"11/22/2024","11/22/2024","11/25/2024","MSFT","Microsoft
CUSIP: 594918104
Recurring","Buy","0.004817","$415.12","($2.00)"
"11/22/2024","11/22/2024","11/25/2024","","ACH Deposit","ACH","","","$300.00"
"11/19/2024","11/19/2024","11/20/2024","DIA","SPDR Dow Jones Industrial Average ETF
CUSIP: 78467X109
Recurring","Buy","0.004619","$432.99","($2.00)"
"11/15/2024","11/15/2024","11/18/2024","MSFT","Microsoft
CUSIP: 594918104
Recurring","Buy","0.004822","$414.73","($2.00)"
"11/14/2024","11/14/2024","11/14/2024","","Gold Subscription Fee","GOLD","","","($5.00)"
"11/13/2024","11/13/2024","11/14/2024","DIA","SPDR Dow Jones Industrial Average ETF
CUSIP: 78467X109
Dividend Reinvestment","Buy","0.000045","$439.60","($0.02)"
"11/12/2024","11/12/2024","11/12/2024","DIA","Cash Div: R/D 2024-10-18 P/D 2024-11-12 - 0.104387 shares at 0.14882","CDIV","","","$0.02"
"11/12/2024","11/12/2024","11/13/2024","DIA","SPDR Dow Jones Industrial Average ETF
CUSIP: 78467X109
Recurring","Buy","0.00454","$440.52","($2.00)"
"11/11/2024","11/11/2024","11/11/2024","","Instant bank transfer - account ending in 8488","RTP","","","($190.60)"
"11/11/2024","11/11/2024","11/11/2024","","Instant bank transfer - withdrawal fee","RTP","","","($3.40)"
"11/8/2024","11/8/2024","11/12/2024","MSFT","Microsoft
CUSIP: 594918104
Recurring","Buy","0.004731","$422.70","($2.00)"
"11/6/2024","11/6/2024","11/7/2024","","ACH Deposit","ACH","","","$500.00"
"11/6/2024","11/6/2024","11/6/2024","","Instant bank transfer - account ending in 8488","RTP","","","($294.75)"
"11/6/2024","11/6/2024","11/6/2024","","Instant bank transfer - withdrawal fee","RTP","","","($5.25)"
"11/5/2024","11/5/2024","11/6/2024","DIA","SPDR Dow Jones Industrial Average ETF
CUSIP: 78467X109
Recurring","Buy","0.004747","$421.26","($2.00)"
"11/1/2024","11/1/2024","11/4/2024","MSFT","Microsoft
CUSIP: 594918104
Recurring","Buy","0.004838","$413.36","($2.00)"
"10/31/2024","10/31/2024","10/31/2024","","Interest Payment","INT","","","$0.73"
"10/31/2024","10/31/2024","10/31/2024","","Gold Deposit Boost Payment","GDBP","","","$0.12"
"10/29/2024","10/29/2024","10/30/2024","DIA","SPDR Dow Jones Industrial Average ETF
CUSIP: 78467X109
Recurring","Buy","0.004728","$423.01","($2.00)"
"10/25/2024","10/25/2024","10/28/2024","MSFT","Microsoft
CUSIP: 594918104
Recurring","Buy","0.004665","$428.68","($2.00)"
"10/22/2024","10/22/2024","10/23/2024","DIA","SPDR Dow Jones Industrial Average ETF
CUSIP: 78467X109
Recurring","Buy","0.004657","$429.44","($2.00)"
"10/18/2024","10/18/2024","10/21/2024","MSFT","Microsoft
CUSIP: 594918104
Recurring","Buy","0.00479","$417.50","($2.00)"
"10/16/2024","10/16/2024","10/17/2024","DIA","SPDR Dow Jones Industrial Average ETF
CUSIP: 78467X109
Dividend Reinvestment","Buy","0.000256","$429.44","($0.11)"
"10/15/2024","10/15/2024","10/15/2024","DIA","Cash Div: R/D 2024-09-20 P/D 2024-10-15 - 0.08521 shares at 1.24776","CDIV","","","$0.11"
"10/15/2024","10/15/2024","10/16/2024","DIA","SPDR Dow Jones Industrial Average ETF
CUSIP: 78467X109
Recurring","Buy","0.004657","$429.38","($2.00)"
"10/15/2024","10/15/2024","10/15/2024","","Gold Subscription Fee","GOLD","","","($5.00)"
"10/11/2024","10/11/2024","10/15/2024","MSFT","Microsoft
CUSIP: 594918104
Recurring","Buy","0.004824","$414.52","($2.00)"
"10/8/2024","10/8/2024","10/9/2024","DIA","SPDR Dow Jones Industrial Average ETF
CUSIP: 78467X109
Recurring","Buy","0.004761","$420.04","($2.00)"
"10/4/2024","10/4/2024","10/7/2024","MSFT","Microsoft
CUSIP: 594918104
Recurring","Buy","0.004782","$418.16","($2.00)"
"10/2/2024","10/2/2024","10/3/2024","","ACH Deposit","ACH","","","$175.00"
"10/1/2024","10/1/2024","10/2/2024","DIA","SPDR Dow Jones Industrial Average ETF
CUSIP: 78467X109
Recurring","Buy","0.004757","$420.42","($2.00)"
"10/1/2024","10/1/2024","10/2/2024","","ACH Deposit","ACH","","","$2.00"
"9/30/2024","9/30/2024","9/30/2024","","Interest Payment","INT","","","$0.19"
"9/30/2024","9/30/2024","10/1/2024","BAC","Bank of America
CUSIP: 060505104
Dividend Reinvestment","Buy","0.019924","$39.65","($0.79)"
"9/27/2024","9/27/2024","9/27/2024","BAC","Cash Div: R/D 2024-09-06 P/D 2024-09-27 - 3.039566 shares at 0.26","CDIV","","","$0.79"
"9/27/2024","9/27/2024","9/30/2024","MSFT","Microsoft
CUSIP: 594918104
Recurring","Buy","0.004663","$428.84","($2.00)"
"9/27/2024","9/27/2024","9/30/2024","","ACH Deposit","ACH","","","$2.00"
"9/24/2024","9/24/2024","9/25/2024","DIA","SPDR Dow Jones Industrial Average ETF
CUSIP: 78467X109
Recurring","Buy","0.004746","$421.35","($2.00)"
"9/24/2024","9/24/2024","9/25/2024","","ACH Deposit","ACH","","","$2.00"
"9/20/2024","9/20/2024","9/23/2024","MSFT","Microsoft
CUSIP: 594918104
Recurring","Buy","0.004575","$437.12","($2.00)"
"9/20/2024","9/20/2024","9/23/2024","","ACH Deposit","ACH","","","$2.00"
"9/17/2024","9/17/2024","9/18/2024","DIA","SPDR Dow Jones Industrial Average ETF
CUSIP: 78467X109
Recurring","Buy","0.004796","$416.97","($2.00)"
"9/17/2024","9/17/2024","9/18/2024","","ACH Deposit","ACH","","","$2.00"
"9/17/2024","9/17/2024","9/18/2024","DIA","SPDR Dow Jones Industrial Average ETF
CUSIP: 78467X109
Dividend Reinvestment","Buy","0.000047","$419.18","($0.02)"
"9/16/2024","9/16/2024","9/16/2024","DIA","Cash Div: R/D 2024-08-16 P/D 2024-09-16 - 0.060858 shares at 0.32675","CDIV","","","$0.02"
"9/16/2024","9/16/2024","9/16/2024","","Instant bank transfer - withdrawal fee","RTP","","","($1.00)"
"9/16/2024","9/16/2024","9/16/2024","","Instant bank transfer - account ending in 8488","RTP","","","($42.89)"
"9/16/2024","9/16/2024","9/16/2024","","Gold Subscription Fee","GOLD","","","($5.00)"
"9/13/2024","9/13/2024","9/16/2024","MSFT","Microsoft
CUSIP: 594918104
Recurring","Buy","0.004639","$431.08","($2.00)"
"9/13/2024","9/13/2024","9/16/2024","MSFT","Microsoft
CUSIP: 594918104
Dividend Reinvestment","Buy","0.00014","$426.80","($0.06)"
"9/12/2024","9/12/2024","9/12/2024","MSFT","Cash Div: R/D 2024-08-15 P/D 2024-09-12 - 0.074782 shares at 0.75","CDIV","","","$0.06"
"9/10/2024","9/10/2024","9/11/2024","DIA","SPDR Dow Jones Industrial Average ETF
CUSIP: 78467X109
Recurring","Buy","0.00491","$407.31","($2.00)"
"9/6/2024","9/6/2024","9/9/2024","MSFT","Microsoft
CUSIP: 594918104
Recurring","Buy","0.004969","$402.45","($2.00)"
"9/4/2024","9/4/2024","9/5/2024","","ACH Withdrawal","ACH","","","($600.00)"
"9/4/2024","9/4/2024","9/5/2024","F","Ford Motor
CUSIP: 345370860
Dividend Reinvestment","Buy","0.001801","$11.10","($0.02)"
"9/3/2024","9/3/2024","9/3/2024","F","Cash Div: R/D 2024-08-07 P/D 2024-09-03 - 0.100959 shares at 0.15","CDIV","","","$0.02"
"9/3/2024","9/3/2024","9/4/2024","DIA","SPDR Dow Jones Industrial Average ETF
CUSIP: 78467X109
Recurring","Buy","0.004855","$411.87","($2.00)"
"8/30/2024","8/30/2024","8/30/2024","","Interest Payment","INT","","","$3.80"
"8/30/2024","8/30/2024","9/3/2024","MSFT","Microsoft
CUSIP: 594918104
Recurring","Buy","0.004835","$413.62","($2.00)"
"8/27/2024","8/27/2024","8/28/2024","DIA","SPDR Dow Jones Industrial Average ETF
CUSIP: 78467X109
Recurring","Buy","0.004846","$412.66","($2.00)"
"8/23/2024","8/23/2024","8/26/2024","MSFT","Microsoft
CUSIP: 594918104
Recurring","Buy","0.004822","$414.76","($2.00)"
"8/21/2024","8/21/2024","8/22/2024","","ACH Withdrawal","ACH","","","($1,000.00)"
"8/20/2024","8/20/2024","8/21/2024","DIA","SPDR Dow Jones Industrial Average ETF
CUSIP: 78467X109
Recurring","Buy","0.004898","$408.27","($2.00)"
"8/16/2024","8/16/2024","8/19/2024","MSFT","Microsoft
CUSIP: 594918104
Recurring","Buy","0.004765","$419.66","($2.00)"
"8/16/2024","8/16/2024","8/16/2024","","Gold Subscription Fee","GOLD","","","($5.00)"
"8/13/2024","8/13/2024","8/14/2024","DIA","SPDR Dow Jones Industrial Average ETF
CUSIP: 78467X109
Recurring","Buy","0.005039","$396.86","($2.00)"
"8/13/2024","8/13/2024","8/14/2024","DIA","SPDR Dow Jones Industrial Average ETF
CUSIP: 78467X109
Dividend Reinvestment","Buy","0.000025","$394.55","($0.01)"
"8/12/2024","8/12/2024","8/12/2024","DIA","Cash Div: R/D 2024-07-19 P/D 2024-08-12 - 0.040832 shares at 0.19438","CDIV","","","$0.01"
"8/9/2024","8/9/2024","8/12/2024","MSFT","Microsoft
CUSIP: 594918104
Recurring","Buy","0.004905","$407.69","($2.00)"
"8/6/2024","8/6/2024","8/7/2024","DIA","SPDR Dow Jones Industrial Average ETF
CUSIP: 78467X109
Recurring","Buy","0.005088","$393.01","($2.00)"
"8/2/2024","8/2/2024","8/5/2024","MSFT","Microsoft
CUSIP: 594918104
Recurring","Buy","0.004927","$405.91","($2.00)"
"7/31/2024","7/31/2024","7/31/2024","","Interest Payment","INT","","","$6.65"
"7/30/2024","7/30/2024","7/31/2024","DIA","SPDR Dow Jones Industrial Average ETF
CUSIP: 78467X109
Recurring","Buy","0.004924","$406.14","($2.00)"
"7/26/2024","7/26/2024","7/29/2024","MSFT","Microsoft
CUSIP: 594918104
Recurring","Buy","0.004668","$428.43","($2.00)"
"7/23/2024","7/23/2024","7/24/2024","DIA","SPDR Dow Jones Industrial Average ETF
CUSIP: 78467X109
Recurring","Buy","0.00495","$404.03","($2.00)"
"7/22/2024","7/22/2024","7/23/2024","","ACH Withdrawal","ACH","","","($1,000.00)"
"7/19/2024","7/19/2024","7/22/2024","MSFT","Microsoft
CUSIP: 594918104
Recurring","Buy","0.004583","$436.34","($2.00)"
"7/17/2024","7/17/2024","7/17/2024","","Gold Subscription Fee","GOLD","","","($5.00)"
"7/16/2024","7/16/2024","7/17/2024","DIA","SPDR Dow Jones Industrial Average ETF
CUSIP: 78467X109
Recurring","Buy","0.004899","$408.20","($2.00)"
"7/15/2024","7/15/2024","7/15/2024","DIA","Cash Div: R/D 2024-06-21 P/D 2024-07-15 - 0.020638 shares at 0.87356","CDIV","","","$0.02"
"7/12/2024","7/12/2024","7/15/2024","MSFT","Microsoft
CUSIP: 594918104
Recurring","Buy","0.004396","$454.91","($2.00)"
"7/9/2024","7/9/2024","7/10/2024","DIA","SPDR Dow Jones Industrial Average ETF
CUSIP: 78467X109
Recurring","Buy","0.005072","$394.27","($2.00)"
"7/5/2024","7/5/2024","7/8/2024","MSFT","Microsoft
CUSIP: 594918104
Recurring","Buy","0.004272","$468.15","($2.00)"
"7/2/2024","7/2/2024","7/3/2024","DIA","SPDR Dow Jones Industrial Average ETF
CUSIP: 78467X109
Recurring","Buy","0.005108","$391.54","($2.00)"
"6/28/2024","6/28/2024","6/28/2024","","Interest Payment","INT","","","$8.64"
"6/28/2024","6/28/2024","6/28/2024","BAC","Cash Div: R/D 2024-06-07 P/D 2024-06-28 - 3.039566 shares at 0.24","CDIV","","","$0.73"
"6/28/2024","6/28/2024","7/1/2024","MSFT","Microsoft
CUSIP: 594918104
Recurring","Buy","0.004411","$453.35","($2.00)"
"6/25/2024","6/25/2024","6/26/2024","DIA","SPDR Dow Jones Industrial Average ETF
CUSIP: 78467X109
Recurring","Buy","0.005115","$390.95","($2.00)"
"6/21/2024","6/21/2024","6/24/2024","MSFT","Microsoft
CUSIP: 594918104
Recurring","Buy","0.004459","$448.46","($2.00)"
"6/18/2024","6/18/2024","6/20/2024","DIA","SPDR Dow Jones Industrial Average ETF
CUSIP: 78467X109
Recurring","Buy","0.005146","$388.65","($2.00)"
"6/17/2024","6/17/2024","6/17/2024","","Gold Subscription Fee","GOLD","","","($5.00)"
"6/14/2024","6/14/2024","6/17/2024","MSFT","Microsoft
CUSIP: 594918104
Recurring","Buy","0.004517","$442.77","($2.00)"
"6/14/2024","6/14/2024","6/17/2024","AMC","AMC Entertainment
CUSIP: 00165C302","Buy","3","$5.18","($15.54)"
"6/11/2024","6/11/2024","6/12/2024","DIA","SPDR Dow Jones Industrial Average ETF
CUSIP: 78467X109
Recurring","Buy","0.005171","$386.74","($2.00)"
"6/7/2024","6/7/2024","6/10/2024","MSFT","Microsoft
CUSIP: 594918104
Recurring","Buy","0.004696","$425.81","($2.00)"
"6/4/2024","6/4/2024","6/5/2024","DIA","SPDR Dow Jones Industrial Average ETF
CUSIP: 78467X109
Recurring","Buy","0.005172","$386.67","($2.00)"
"6/3/2024","6/3/2024","6/3/2024","F","Cash Div: R/D 2024-05-08 P/D 2024-06-03 - 0.100959 shares at 0.15","CDIV","","","$0.02"
"5/31/2024","5/31/2024","5/31/2024","","Interest Payment","INT","","","$8.10"
"5/31/2024","5/31/2024","6/3/2024","MSFT","Microsoft
CUSIP: 594918104
Recurring","Buy","0.004918","$406.66","($2.00)"
"5/31/2024","5/31/2024","6/3/2024","BACHY","Bank of China
CUSIP: 06426M104","Sell","1","$11.66","$11.66"
"5/31/2024","5/31/2024","6/3/2024","MSFT","Microsoft
CUSIP: 594918104","Buy","0.02403","$416.10","($10.00)"
"5/28/2024","5/28/2024","5/29/2024","DIA","SPDR Dow Jones Industrial Average ETF
CUSIP: 78467X109
Recurring","Buy","0.005149","$388.38","($2.00)"
"5/20/2024","5/20/2024","5/20/2024","","Gold Subscription Fee","GOLD","","","($5.00)"
"4/30/2024","4/30/2024","4/30/2024","","Interest Payment","INT","","","$12.88"
"4/18/2024","4/18/2024","4/22/2024","","ACH Withdrawal","ACH","","","($800.00)"
"4/18/2024","4/18/2024","4/18/2024","","Gold Subscription Fee","GOLD","","","($5.00)"
"4/16/2024","4/16/2024","4/18/2024","BAC","Bank of America
CUSIP: 060505104","Buy","3","$34.57","($103.71)"
"4/2/2024","4/2/2024","4/2/2024","BAC","Cash Div: R/D 2024-03-01 P/D 2024-04-01 - 0.039566 shares at 0.24","CDIV","","","$0.01"
"4/2/2024","4/2/2024","4/4/2024","YUMC","Yum China
CUSIP: 98850P109","Sell","29.06603","$40.05","$1,164.08"
"4/2/2024","4/2/2024","4/4/2024","YUMC","Yum China
CUSIP: 98850P109","Sell","46","$40.05","$1,842.28"
"4/1/2024","4/1/2024","4/1/2024","","Instant bank transfer - account ending in 8488","RTP","","","($786.00)"
"4/1/2024","4/1/2024","4/1/2024","","Instant bank transfer - withdrawal fee","RTP","","","($14.00)"
"4/1/2024","4/1/2024","4/3/2024","YUMC","Yum China
CUSIP: 98850P109","Sell","6.638629","$40.14","$266.47"
"4/1/2024","4/1/2024","4/3/2024","YUMC","Yum China
CUSIP: 98850P109","Sell","1","$40.14","$40.14"
"4/1/2024","4/1/2024","4/3/2024","YUMC","Yum China
CUSIP: 98850P109","Sell","17.317697","$40.14","$695.12"
"3/28/2024","3/28/2024","3/28/2024","","Interest Payment","INT","","","$3.41"
"3/26/2024","3/26/2024","3/26/2024","YUMC","Cash Div: R/D 2024-03-05 P/D 2024-03-26 - 100.022356 shares at 0.16","CDIV","","","$16.00"
"3/19/2024","3/19/2024","3/19/2024","","Gold Subscription Fee","GOLD","","","($5.00)"
"3/11/2024","3/11/2024","3/12/2024","","ACH Withdrawal","ACH","","","($1,000.00)"
"3/1/2024","3/1/2024","3/1/2024","F","Cash Div: R/D 2024-02-16 P/D 2024-03-01 - 0.100959 shares at 0.15","CDIV","","","$0.02"
"3/1/2024","3/1/2024","3/1/2024","F","Cash Div: R/D 2024-02-16 P/D 2024-03-01 - 0.100959 shares at 0.18","CDIV","","","$0.02"
"2/29/2024","2/29/2024","2/29/2024","","Interest Payment","INT","","","$6.36"
"2/20/2024","2/20/2024","2/20/2024","","Gold Subscription Fee","GOLD","","","($5.00)"
"1/31/2024","1/31/2024","1/31/2024","","Interest Payment","INT","","","$8.54"
"1/26/2024","1/26/2024","1/30/2024","BAC","Bank of America
CUSIP: 060505104","Sell","5","$33.33","$166.65"
"1/26/2024","1/26/2024","1/30/2024","F","Ford Motor
CUSIP: 345370860","Sell","2","$11.41","$22.82"
"1/26/2024","1/26/2024","1/30/2024","BACHY","Bank of China
CUSIP: 06426M104","Sell","2","$9.54","$19.07"
"1/19/2024","1/19/2024","1/19/2024","","Gold Subscription Fee","GOLD","","","($5.00)"
"1/11/2024","1/11/2024","1/16/2024","BAC","Bank of America
CUSIP: 060505104","Buy","5","$32.89","($164.45)"
"1/10/2024","1/10/2024","1/12/2024","YUMC","Yum China
CUSIP: 98850P109","Buy","7","$38.90","($272.30)"
"1/10/2024","1/10/2024","1/12/2024","YUMC","Yum China
CUSIP: 98850P109","Buy","33","$38.90","($1,283.70)"
"1/2/2024","1/2/2024","1/4/2024","BAC","Bank of America
CUSIP: 060505104
Dividend Reinvestment","Buy","0.000297","$33.60","($0.01)"
"12/29/2023","12/29/2023","12/29/2023","","Interest Payment","INT","","","$13.14"
"12/29/2023","12/29/2023","12/29/2023","BAC","Cash Div: R/D 2023-12-01 P/D 2023-12-29 - 0.039269 shares at 0.24","CDIV","","","$0.01"
"12/20/2023","12/20/2023","12/20/2023","","Gold Subscription Fee","GOLD","","","($5.00)"
"12/19/2023","12/19/2023","12/19/2023","YUMC","Cash Div: R/D 2023-11-28 P/D 2023-12-19 - 33.02269 shares at 0.13","CDIV","","","$4.29"
"12/11/2023","12/11/2023","12/11/2023","DIA","Cash Div: R/D 2023-11-20 P/D 2023-12-11 - 5.856631 shares at 0.70687","CDIV","","","$4.14"
"12/1/2023","12/1/2023","12/1/2023","F","Cash Div: R/D 2023-11-01 P/D 2023-12-01 - 0.100959 shares at 0.15","CDIV","","","$0.02"
"11/30/2023","11/30/2023","11/30/2023","","Interest Payment","INT","","","$3.29"
"11/30/2023","11/30/2023","12/4/2023","YUMC","Yum China
CUSIP: 98850P109","Buy","25","$42.66","($1,066.50)"
"11/29/2023","11/29/2023","12/1/2023","YUMC","Yum China
CUSIP: 98850P109","Buy","35","$42.87","($1,500.45)"
"11/29/2023","11/29/2023","11/30/2023","","ACH Deposit","ACH","","","$500.00"
"11/27/2023","11/27/2023","11/29/2023","YUMC","Yum China
CUSIP: 98850P109","Buy","0.022356","$44.59","($1.00)"
"11/27/2023","11/27/2023","11/29/2023","YUMC","Yum China
CUSIP: 98850P109","Sell","0.22579","$44.65","$10.08"
"11/27/2023","11/27/2023","11/29/2023","YUMC","Yum China
CUSIP: 98850P109","Sell","32.7969","$44.59","$1,462.39"
"11/24/2023","11/24/2023","11/28/2023","F","Ford Motor
CUSIP: 345370860","Sell","98","$10.50","$1,028.98"
"11/24/2023","11/24/2023","11/28/2023","JNJ","Johnson & Johnson
CUSIP: 478160104","Sell","6.678688","$151.45","$1,011.48"
"11/22/2023","11/22/2023","11/27/2023","YUMC","Yum China
CUSIP: 98850P109","Buy","10.876658","$45.97","($500.00)"
"11/20/2023","11/20/2023","11/22/2023","JNJ","Johnson & Johnson
CUSIP: 478160104","Buy","6.678688","$149.73","($1,000.00)"
"11/17/2023","11/17/2023","11/21/2023","DIA","SPDR Dow Jones Industrial Average ETF
CUSIP: 78467X109","Sell","5.856631","$349.10","$2,044.53"
"11/16/2023","11/16/2023","11/20/2023","JNJ","Johnson & Johnson
CUSIP: 478160104","Sell","7","$149.05","$1,043.34"
"11/16/2023","11/16/2023","11/20/2023","JNJ","Johnson & Johnson
CUSIP: 478160104","Sell","0.160669","$149.06","$23.95"
"11/9/2023","11/9/2023","11/13/2023","F","Ford Motor
CUSIP: 345370860","Buy","100","$9.80","($980.00)"
"11/6/2023","11/6/2023","11/8/2023","AMZN","Amazon
CUSIP: 023135106","Sell","0.031907","$138.71","$4.43"
"11/2/2023","11/2/2023","11/6/2023","DIA","SPDR Dow Jones Industrial Average ETF
CUSIP: 78467X109","Buy","4.999864","$335.06","($1,675.25)"
"11/2/2023","11/2/2023","11/6/2023","DIA","SPDR Dow Jones Industrial Average ETF
CUSIP: 78467X109","Buy","0.856767","$335.05","($287.06)"
"11/2/2023","11/2/2023","11/6/2023","YUMC","Yum China
CUSIP: 98850P109","Buy","21.996015","$45.28","($995.94)"
"11/2/2023","11/2/2023","11/6/2023","YUMC","Yum China
CUSIP: 98850P109","Buy","0.089684","$45.27","($4.06)"
"11/2/2023","11/2/2023","11/6/2023","AMZN","Amazon
CUSIP: 023135106","Sell","0.29146","$137.24","$40.00"
"10/30/2023","10/30/2023","11/1/2023","BAC","Bank of America
CUSIP: 060505104","Buy","0.039269","$25.46","($1.00)"
"10/30/2023","10/30/2023","11/1/2023","JNJ","Johnson & Johnson
CUSIP: 478160104","Buy","6.799252","$147.08","($1,000.00)"
"10/30/2023","10/30/2023","11/1/2023","F","Ford Motor
CUSIP: 345370860","Buy","0.100959","$9.90","($1.00)"
"10/30/2023","10/30/2023","11/1/2023","F","Ford Motor
CUSIP: 345370860","Sell","82.580622","$10.08","$832.39"
"9/19/2023","9/19/2023","9/21/2023","YUMC","Yum China
CUSIP: 98850P109
Dividend Reinvestment","Buy","0.000174","$57.18","($0.01)"
"9/18/2023","9/18/2023","9/18/2023","YUMC","Cash Div: R/D 2023-08-28 P/D 2023-09-18 - 0.060159 shares at 0.13","CDIV","","","$0.01"
"9/7/2023","9/7/2023","9/7/2023","JNJ","Cash Div: R/D 2023-08-28 P/D 2023-09-07 - 0.361417 shares at 1.19","CDIV","","","$0.43"
"9/1/2023","9/1/2023","9/1/2023","F","Cash Div: R/D 2023-07-25 P/D 2023-09-01 - 36.027027 shares at 0.15","CDIV","","","$5.40"
"8/15/2023","8/15/2023","8/17/2023","F","Ford Motor
CUSIP: 345370860","Buy","0.012468","$12.03","($0.15)"
"8/15/2023","8/15/2023","8/17/2023","F","Ford Motor
CUSIP: 345370860","Buy","29","$12.03","($348.87)"
"8/15/2023","8/15/2023","8/17/2023","F","Ford Motor
CUSIP: 345370860","Buy","0.293726","$12.04","($3.53)"
"8/15/2023","8/15/2023","8/17/2023","NFLX","Netflix
CUSIP: 64110L106","Sell","0.441378","$424.37","$187.31"
"8/15/2023","8/15/2023","8/17/2023","TM","Toyota
CUSIP: 892331307","Sell","1","$165.24","$165.24"
"8/15/2023","8/15/2023","8/17/2023","F","Ford Motor
CUSIP: 345370860","Buy","1","$12.03","($12.03)"
"8/15/2023","8/15/2023","8/17/2023","F","Ford Motor
CUSIP: 345370860","Buy","0.247401","$12.02","($2.97)"
"7/31/2023","7/31/2023","8/2/2023","F","Ford Motor
CUSIP: 345370860","Buy","16","$12.94","($207.04)"
"7/17/2023","7/17/2023","7/19/2023","YUMC","Yum China
CUSIP: 98850P109","Buy","0.060159","$59.74","($3.59)"
"7/17/2023","7/17/2023","7/19/2023","BACHY","Bank of China
CUSIP: 06426M104","Buy","3","$8.86","($26.58)"
"6/6/2023","6/6/2023","6/6/2023","JNJ","Cash Div: R/D 2023-05-23 P/D 2023-06-06 - 0.361417 shares at 1.19","CDIV","","","$0.43"
"6/6/2023","6/6/2023","6/6/2023","TM","Sponsored ADR: Agency Processing Fee at $0.03","DFEE","","","($0.03)"
"6/6/2023","6/6/2023","6/6/2023","TM","Cash Div: R/D 2023-03-31 P/D 2023-06-06 - 1 shares at 2.495881","CDIV","","","$2.50"
"6/6/2023","6/6/2023","6/6/2023","TM","Foreign Tax Witholding at $0.38","DTAX","","","($0.38)"
"6/6/2023","6/6/2023","6/6/2023","","Internal transfer from rhs_account account to rhs_traditional_ira account","ITRF","","","($200.00)"
"6/1/2023","6/1/2023","6/1/2023","F","Cash Div: R/D 2023-04-26 P/D 2023-06-01 - 36.027027 shares at 0.15","CDIV","","","$5.40"
"4/26/2023","4/26/2023","4/28/2023","AMZN","Amazon
CUSIP: 023135106","Sell","4","$106.75","$427.00"
"3/27/2023","3/27/2023","3/27/2023","","ACH CANCEL","ACH","","","$3,200.00"
"3/27/2023","3/27/2023","3/27/2023","","ACH Withdrawal","ACH","","","($3,200.00)"
"3/23/2023","3/23/2023","3/27/2023","MSFT","Microsoft
CUSIP: 594918104","Sell","2.275899","$278.06","$632.83"
"3/17/2023","3/17/2023","3/17/2023","","ACH Deposit","ACH","","","$800.00"
"3/13/2023","3/13/2023","3/13/2023","DIA","Cash Div: R/D 2023-02-21 P/D 2023-03-13 - 0.870518 shares at 0.55216","CDIV","","","$0.48"
"3/13/2023","3/13/2023","3/15/2023","F","Ford Motor
CUSIP: 345370860","Buy","2","$11.89","($23.78)"
"3/9/2023","3/9/2023","3/9/2023","MSFT","Cash Div: R/D 2023-02-16 P/D 2023-03-09 - 2.275899 shares at 0.68","CDIV","","","$1.55"
"3/7/2023","3/7/2023","3/7/2023","JNJ","Cash Div: R/D 2023-02-21 P/D 2023-03-07 - 0.322657 shares at 1.13","CDIV","","","$0.36"
"3/1/2023","3/1/2023","3/1/2023","F","Cash Div: R/D 2023-02-13 P/D 2023-03-01 - 32.027027 shares at 0.15","CDIV","","","$4.80"
"3/1/2023","3/1/2023","3/1/2023","F","Cash Div: R/D 2023-02-13 P/D 2023-03-01 - 32.027027 shares at 0.65","CDIV","","","$20.82"
"2/21/2023","2/21/2023","2/23/2023","TM","Toyota
CUSIP: 892331307","Buy","1","$139.00","($139.00)"
"2/21/2023","2/21/2023","2/23/2023","F","Ford Motor
CUSIP: 345370860","Buy","2","$12.37","($24.74)"
"2/21/2023","2/21/2023","2/23/2023","JNJ","Johnson & Johnson
CUSIP: 478160104","Buy","0.03876","$159.62","($6.19)"
"2/17/2023","2/17/2023","2/22/2023","DIA","SPDR Dow Jones Industrial Average ETF
CUSIP: 78467X109","Sell","0.870518","$338.10","$294.32"
"2/9/2023","2/9/2023","2/13/2023","AMZN","Amazon
CUSIP: 023135106","Buy","2","$98.00","($196.00)"
"2/9/2023","2/9/2023","2/13/2023","MSFT","Microsoft
CUSIP: 594918104","Buy","2","$264.00","($528.00)"
"2/9/2023","2/9/2023","2/13/2023","MSFT","Microsoft
CUSIP: 594918104","Sell","2","$273.57","$547.12"
"2/3/2023","2/3/2023","2/7/2023","F","Ford Motor
CUSIP: 345370860","Buy","15","$12.87","($193.05)"
"2/3/2023","2/3/2023","2/7/2023","F","Ford Motor
CUSIP: 345370860","Buy","17","$13.00","($221.00)"
"2/2/2023","2/2/2023","2/6/2023","F","Ford Motor
CUSIP: 345370860","Sell","17","$14.46","$245.74"
"2/1/2023","2/1/2023","2/3/2023","F","Ford Motor
CUSIP: 345370860","Buy","7","$13.53","($94.71)"
"2/1/2023","2/1/2023","2/3/2023","AMZN","Amazon
CUSIP: 023135106","Buy","1","$102.69","($102.69)"
"2/1/2023","2/1/2023","2/3/2023","MSFT","Microsoft
CUSIP: 594918104","Buy","0.4","$248.00","($99.20)"
"2/1/2023","2/1/2023","2/3/2023","DIA","SPDR Dow Jones Industrial Average ETF
CUSIP: 78467X109","Buy","0.3","$339.05","($101.72)"
"2/1/2023","2/1/2023","2/3/2023","NFLX","Netflix
CUSIP: 64110L106","Buy","0.3","$353.57","($106.07)"
"2/1/2023","2/1/2023","2/3/2023","AMZN","Amazon
CUSIP: 023135106","Buy","1","$102.67","($102.67)"
"2/1/2023","2/1/2023","2/3/2023","DIA","SPDR Dow Jones Industrial Average ETF
CUSIP: 78467X109","Buy","0.3","$338.86","($101.66)"
"2/1/2023","2/1/2023","2/3/2023","F","Ford Motor
CUSIP: 345370860","Buy","8","$13.52","($108.16)"
"1/31/2023","1/31/2023","2/2/2023","F","Ford Motor
CUSIP: 345370860","Sell","25","$13.44","$336.00"
"1/31/2023","1/31/2023","2/2/2023","DIA","SPDR Dow Jones Industrial Average ETF
CUSIP: 78467X109","Sell","2","$337.60","$675.18"
"1/30/2023","1/30/2023","2/1/2023","NFLX","Netflix
CUSIP: 64110L106","Buy","0.141378","$353.66","($50.00)"
"1/30/2023","1/30/2023","2/1/2023","AMZN","Amazon
CUSIP: 023135106","Buy","0.001585","$100.94","($0.16)"
"1/30/2023","1/30/2023","2/1/2023","AMZN","Amazon
CUSIP: 023135106","Buy","0.321782","$100.94","($32.48)"
"1/26/2023","1/26/2023","1/30/2023","TM","Toyota
CUSIP: 892331307","Sell","7.975585","$145.52","$1,160.58"
"1/26/2023","1/26/2023","1/30/2023","TM","Toyota
CUSIP: 892331307","Sell","0.014149","$145.88","$2.06"
"1/24/2023","2/24/2023","1/26/2023","TM","Toyota
CUSIP: 892331307","Buy","1.703113","$146.03","($248.71)"
"1/24/2023","2/24/2023","1/26/2023","TM","Toyota
CUSIP: 892331307","BCXL","1.703113","$146.79","$250.00"
"1/24/2023","1/24/2023","1/26/2023","TM","Toyota
CUSIP: 892331307","Buy","1.703113","$146.79","($250.00)"
"1/23/2023","1/23/2023","1/25/2023","DIA","SPDR Dow Jones Industrial Average ETF
CUSIP: 78467X109","Buy","2.270518","$334.69","($759.92)"
"1/23/2023","1/23/2023","1/23/2023","","ACH Deposit","ACH","","","$1,000.00"
"1/17/2023","1/17/2023","1/17/2023","DIA","Cash Div: R/D 2022-12-19 P/D 2023-01-17 - 1.145857 shares at 0.75039","CDIV","","","$0.86"
"1/17/2023","1/17/2023","1/17/2023","","ACH Deposit","ACH","","","$250.00"
"1/10/2023","1/10/2023","1/10/2023","","ACH Withdrawal","ACH","","","($686.11)"
"1/4/2023","1/4/2023","1/6/2023","NFLX","Netflix
CUSIP: 64110L106","Sell","1.00661","$298.00","$299.97"
"1/4/2023","1/4/2023","1/6/2023","NFLX","Netflix
CUSIP: 64110L106","Sell","0.006769","$298.20","$2.02"
"1/4/2023","1/4/2023","1/6/2023","DIA","SPDR Dow Jones Industrial Average ETF
CUSIP: 78467X109","Sell","1","$332.63","$332.63"
"1/4/2023","1/4/2023","1/6/2023","DIA","SPDR Dow Jones Industrial Average ETF
CUSIP: 78467X109","Sell","0.145857","$332.62","$48.52"
"12/29/2022","12/29/2022","1/3/2023","F","Ford Motor
CUSIP: 345370860","Buy","27.027027","$11.10","($300.00)"
"12/29/2022","12/29/2022","1/3/2023","JNJ","Johnson & Johnson
CUSIP: 478160104","Sell","1.275528","$177.55","$226.47"
"12/29/2022","12/29/2022","1/3/2023","JNJ","Johnson & Johnson
CUSIP: 478160104","Sell","0.414529","$177.38","$73.53"
"12/29/2022","12/29/2022","12/29/2022","","ACH Deposit","ACH","","","$300.00"
"12/12/2022","12/12/2022","12/14/2022","DIA","SPDR Dow Jones Industrial Average ETF
CUSIP: 78467X109","Buy","0.603796","$336.14","($202.96)"
"12/12/2022","12/12/2022","12/12/2022","","ACH Deposit","ACH","","","$200.00"
"12/12/2022","12/12/2022","12/12/2022","","ACH Deposit","ACH","","","$300.00"
"12/9/2022","12/9/2022","12/13/2022","MSFT","Microsoft
CUSIP: 594918104
order batcher","Buy","0.00515","$246.58","($1.27)"
"12/8/2022","12/8/2022","12/8/2022","MSFT","Cash Div: R/D 2022-11-17 P/D 2022-12-08 - 1.870749 shares at 0.68","CDIV","","","$1.27"
"12/8/2022","12/8/2022","12/12/2022","TM","Toyota
CUSIP: 892331307
order batcher","Buy","0.064157","$142.15","($9.12)"
"12/7/2022","12/7/2022","12/7/2022","TM","Sponsored ADR: Agency Processing Fee at $0.16","DFEE","","","($0.16)"
"12/7/2022","12/7/2022","12/7/2022","TM","Foreign Tax Witholding at $1.68","DTAX","","","($1.68)"
"12/7/2022","12/7/2022","12/7/2022","TM","Cash Div: R/D 2022-09-30 P/D 2022-12-07 - 6.222464 shares at 1.762072","CDIV","","","$10.96"
"12/7/2022","12/7/2022","12/9/2022","JNJ","Johnson & Johnson
CUSIP: 478160104
order batcher","Buy","0.012714","$177.75","($2.26)"
"12/6/2022","12/6/2022","12/6/2022","JNJ","Cash Div: R/D 2022-11-22 P/D 2022-12-06 - 2 shares at 1.13","CDIV","","","$2.26"
"11/21/2022","11/21/2022","11/23/2022","DIA","SPDR Dow Jones Industrial Average ETF
CUSIP: 78467X109","Buy","0.542061","$337.54","($182.97)"
"11/21/2022","11/21/2022","11/23/2022","SPY","SPDR S&P 500 ETF Trust
CUSIP: 78462F103","Sell","0.4634","$394.64","$182.88"
"11/16/2022","11/16/2022","11/18/2022","SPY","SPDR S&P 500 ETF Trust
CUSIP: 78462F103","Buy","0.4634","$395.31","($183.19)"
"11/16/2022","11/16/2022","11/18/2022","JNJ","Johnson & Johnson
CUSIP: 478160104","Sell","0.95","$173.15","$164.49"
"11/15/2022","11/15/2022","11/17/2022","JNJ","Johnson & Johnson
CUSIP: 478160104","Buy","2","$172.19","($344.38)"
"11/15/2022","11/15/2022","11/17/2022","JNJ","Johnson & Johnson
CUSIP: 478160104","Buy","0.45","$172.31","($77.54)"
"11/15/2022","11/15/2022","11/17/2022","JNJ","Johnson & Johnson
CUSIP: 478160104","Buy","0.5","$172.34","($86.17)"
"11/15/2022","11/15/2022","11/15/2022","","ACH Deposit","ACH","","","$200.00"
"11/14/2022","11/14/2022","11/16/2022","NFLX","Netflix
CUSIP: 64110L106","Buy","0.6","$300.60","($180.36)"
"11/14/2022","11/14/2022","11/14/2022","","ACH Deposit","ACH","","","$516.00"
"10/26/2022","10/26/2022","10/28/2022","NFLX","Netflix
CUSIP: 64110L106","Buy","0.413379","$290.29","($120.00)"
"10/26/2022","10/26/2022","10/26/2022","","ACH Deposit","ACH","","","$120.00"
"9/8/2022","9/8/2022","9/8/2022","MSFT","Cash Div: R/D 2022-08-18 P/D 2022-09-08 - 1.870749 shares at 0.62","CDIV","","","$1.16"
"8/15/2022","8/15/2022","8/17/2022","TM","Toyota
CUSIP: 892331307","Buy","5.997946","$160.71","($963.93)"
"8/15/2022","8/15/2022","8/17/2022","TM","Toyota
CUSIP: 892331307","Buy","0.224518","$160.66","($36.07)"
"8/15/2022","8/15/2022","8/15/2022","","ACH Deposit","ACH","","","$1,000.00"
"6/9/2022","6/9/2022","6/13/2022","MSFT","Microsoft
CUSIP: 594918104","Buy","0.011149","$267.27","($2.98)"
"6/9/2022","6/9/2022","6/13/2022","MSFT","Microsoft
CUSIP: 594918104","Buy","1.8596","$267.27","($497.02)"
"6/9/2022","6/9/2022","6/9/2022","","ACH Deposit","ACH","","","$500.00"
""
"","","","","","","","","","The data provided is for informational purposes only. Please consult a professional tax service or personal tax advisor if you need instructions on how to calculate cost basis or questions regarding your specific tax situation. Reminder: This data does not include Robinhood Crypto or Robinhood Spending activity."
